Workbook

Sheet Lisez-moi
B2: Base de données — Vote du jour
B3: Vote2027 — une question par jour, du 23/09/2026 au 2 mai 2027 (2nd tour)
B6: Onglets
B7: Vote du jour | C7: 1 ligne par jour de campagne : la question posée ce jour-là (catégorie fixe « Vote du jour »).
B8: Choix de vote | C8: Table de référence des 3 réponses possibles : Oui / Non / Blanc.
B9: Votes (table) | C9: Structure des votes individuels des utilisateurs (1 ligne par vote émis). Colonnes prêtes pour Supabase.
B10: Résultats par jour | C10: Dépouillement automatique (formules COUNTIFS) du nombre de Oui / Non / Blanc pour chaque jour.
B12: Comment l'utiliser
B13: 1. | C13: Dans l'onglet « Vote du jour », remplissez la colonne F (Question) pour chaque date — les cellules jaunes sont à compléter.
B14: 2. | C14: La colonne « Thème » propose une rotation des thèmes déjà utilisés dans l'app (src/data.ts) ; modifiez-la librement.
C15: Les 3 premières questions (23-25/09) sont des exemples de formulation, en italique gris — à remplacer comme les autres.
B16: 3. | C16: L'onglet « Votes (table) » illustre la structure attendue pour enregistrer un vote (1 ligne = 1 vote) ; la ligne 2 est un exemple, à supprimer avant import réel.
B17: 4. | C17: Une fois le contenu validé, cette structure sert de base à deux tables Supabase : public.daily_questions et public.votes (voir note en bas de l'onglet « Votes (table) »).
B19: Légende
B20: Jaune | C20: Cellule à compléter par vous.
B21: Noir | C21: Cellule calculée automatiquement (formule) — ne pas modifier.

Sheet Vote du jour
A1: id | B1: date | C1: jour_semaine | D1: categorie | E1: theme | F1: question | G1: statut
A2: 1 | B2: 46288 | C2: =CHOOSE(WEEKDAY(B2,2),"Lundi","Mardi","Mercredi","Jeudi","Vendredi","Samedi","Dimanche") -> Mercredi | D2: Vote du jour | E2: Institutions | F2: Faut-il rendre le vote obligatoire à toutes les élections nationales ? | G2: =IF(B2<TODAY(),"Passé",IF(B2=TODAY(),"Aujourd'hui","À venir")) -> Aujourd'hui
A3: 2 | B3: 46289 | C3: =CHOOSE(WEEKDAY(B3,2),"Lundi","Mardi","Mercredi","Jeudi","Vendredi","Samedi","Dimanche") -> Jeudi | D3: Vote du jour | E3: Économie | F3: Faut-il indexer les salaires sur l'inflation ? | G3: =IF(B3<TODAY(),"Passé",IF(B3=TODAY(),"Aujourd'hui","À venir")) -> À venir
A4: 3 | B4: 46290 | C4: =CHOOSE(WEEKDAY(B4,2),"Lundi","Mardi","Mercredi","Jeudi","Vendredi","Samedi","Dimanche") -> Vendredi | D4: Vote du jour | E4: Écologie | F4: La France doit-elle interdire la vente de voitures thermiques neuves dès 2030 ? | G4: =IF(B4<TODAY(),"Passé",IF(B4=TODAY(),"Aujourd'hui","À venir")) -> À venir
A5: 4 | B5: 46291 | C5: =CHOOSE(WEEKDAY(B5,2),"Lundi","Mardi","Mercredi","Jeudi","Vendredi","Samedi","Dimanche") -> Samedi | D5: Vote du jour | E5: Europe | G5: =IF(B5<TODAY(),"Passé",IF(B5=TODAY(),"Aujourd'hui","À venir")) -> À venir
A6: 5 | B6: 46292 | C6: =CHOOSE(WEEKDAY(B6,2),"Lundi","Mardi","Mercredi","Jeudi","Vendredi","Samedi","Dimanche") -> Dimanche | D6: Vote du jour | E6: Social | G6: =IF(B6<TODAY(),"Passé",IF(B6=TODAY(),"Aujourd'hui","À venir")) -> À venir
A7: 6 | B7: 46293 | C7: =CHOOSE(WEEKDAY(B7,2),"Lundi","Mardi","Mercredi","Jeudi","Vendredi","Samedi","Dimanche") -> Lundi | D7: Vote du jour | E7: Sécurité | G7: =IF(B7<TODAY(),"Passé",IF(B7=TODAY(),"Aujourd'hui","À venir")) -> À venir
A8: 7 | B8: 46294 | C8: =CHOOSE(WEEKDAY(B8,2),"Lundi","Mardi","Mercredi","Jeudi","Vendredi","Samedi","Dimanche") -> Mardi | D8: Vote du jour | E8: Institutions | G8: =IF(B8<TODAY(),"Passé",IF(B8=TODAY(),"Aujourd'hui","À venir")) -> À venir
A9: 8 | B9: 46295 | C9: =CHOOSE(WEEKDAY(B9,2),"Lundi","Mardi","Mercredi","Jeudi","Vendredi","Samedi","Dimanche") -> Mercredi | D9: Vote du jour | E9: Économie | G9: =IF(B9<TODAY(),"Passé",IF(B9=TODAY(),"Aujourd'hui","À venir")) -> À venir
A10: 9 | B10: 46296 | C10: =CHOOSE(WEEKDAY(B10,2),"Lundi","Mardi","Mercredi","Jeudi","Vendredi","Samedi","Dimanche") -> Jeudi | D10: Vote du jour | E10: Écologie | G10: =IF(B10<TODAY(),"Passé",IF(B10=TODAY(),"Aujourd'hui","À venir")) -> À venir
A11: 10 | B11: 46297 | C11: =CHOOSE(WEEKDAY(B11,2),"Lundi","Mardi","Mercredi","Jeudi","Vendredi","Samedi","Dimanche") -> Vendredi | D11: Vote du jour | E11: Europe | G11: =IF(B11<TODAY(),"Passé",IF(B11=TODAY(),"Aujourd'hui","À venir")) -> À venir
A12: 11 | B12: 46298 | C12: =CHOOSE(WEEKDAY(B12,2),"Lundi","Mardi","Mercredi","Jeudi","Vendredi","Samedi","Dimanche") -> Samedi | D12: Vote du jour | E12: Social | G12: =IF(B12<TODAY(),"Passé",IF(B12=TODAY(),"Aujourd'hui","À venir")) -> À venir
A13: 12 | B13: 46299 | C13: =CHOOSE(WEEKDAY(B13,2),"Lundi","Mardi","Mercredi","Jeudi","Vendredi","Samedi","Dimanche") -> Dimanche | D13: Vote du jour | E13: Sécurité | G13: =IF(B13<TODAY(),"Passé",IF(B13=TODAY(),"Aujourd'hui","À venir")) -> À venir
A14: 13 | B14: 46300 | C14: =CHOOSE(WEEKDAY(B14,2),"Lundi","Mardi","Mercredi","Jeudi","Vendredi","Samedi","Dimanche") -> Lundi | D14: Vote du jour | E14: Institutions | G14: =IF(B14<TODAY(),"Passé",IF(B14=TODAY(),"Aujourd'hui","À venir")) -> À venir
A15: 14 | B15: 46301 | C15: =CHOOSE(WEEKDAY(B15,2),"Lundi","Mardi","Mercredi","Jeudi","Vendredi","Samedi","Dimanche") -> Mardi | D15: Vote du jour | E15: Économie | G15: =IF(B15<TODAY(),"Passé",IF(B15=TODAY(),"Aujourd'hui","À venir")) -> À venir
A16: 15 | B16: 46302 | C16: =CHOOSE(WEEKDAY(B16,2),"Lundi","Mardi","Mercredi","Jeudi","Vendredi","Samedi","Dimanche") -> Mercredi | D16: Vote du jour | E16: Écologie | G16: =IF(B16<TODAY(),"Passé",IF(B16=TODAY(),"Aujourd'hui","À venir")) -> À venir
... A223: 222 | B223: 46509 | C223: =CHOOSE(WEEKDAY(B223,2),"Lundi","Mardi","Mercredi","Jeudi","Vendredi","Samedi","Dimanche") -> Dimanche | D223: Vote du jour | E223: Sécurité | G223: =IF(B223<TODAY(),"Passé",IF(B223=TODAY(),"Aujourd'hui","À venir")) -> À venir

Sheet Choix de vote
A1: choix | B1: libellé | C1: description | D1: couleur
A2: oui | B2: Oui | C2: L'utilisateur approuve la question du jour. | D2: #1F7A3E
A3: non | B3: Non | C3: L'utilisateur désapprouve la question du jour. | D3: #C8341C
A4: blanc | B4: Blanc | C4: Vote blanc : l'utilisateur participe sans se prononcer. | D4: #B4B0A3

Sheet Votes (table)
A1: vote_id | B1: question_id | C1: date | D1: user_id | E1: choix | F1: horodatage
A2: 1 | B2: 1 | C2: 46288 | D2: 8f14e45f-ceea-467e-9575-0000-000000000001 | E2: oui | F2: 23/09/2026 09:12 | G2: ◄ exemple — à supprimer avant import réel
B32: Correspondance avec le schéma Supabase (supabase/schema.sql)
B33: • question_id → clé étrangère vers public.daily_questions(id), la table dérivée de l'onglet « Vote du jour ».
B34: • user_id → clé étrangère vers public.profiles(id), comme les autres tables du schéma (votes, quiz_attempts, ...).
B35: • choix → contrainte check (choix in ('oui','non','blanc')) ; remplace la contrainte actuelle ('oui','non') de public.votes.
B36: • Clé primaire recommandée : (user_id, question_id) — un seul vote par utilisateur et par question, avec RLS "owner all" comme les autres tables.

Sheet Résultats par jour
A1: date | B1: question | C1: oui | D1: non | E1: blanc | F1: total
A2: 46288 | B2: =T(INDEX('Vote du jour'!$F$2:$F$223,MATCH(A2,'Vote du jour'!$B$2:$B$223,0))) -> Faut-il rendre le vote obligatoire à toutes les élections nationales ? | C2: =COUNTIFS('Votes (table)'!$C$2:$C$1000,A2,'Votes (table)'!$E$2:$E$1000,"oui") -> 1 | D2: =COUNTIFS('Votes (table)'!$C$2:$C$1000,A2,'Votes (table)'!$E$2:$E$1000,"non") -> 0 | E2: =COUNTIFS('Votes (table)'!$C$2:$C$1000,A2,'Votes (table)'!$E$2:$E$1000,"blanc") -> 0 | F2: =SUM(C2:E2) -> 1
A3: 46289 | B3: =T(INDEX('Vote du jour'!$F$2:$F$223,MATCH(A3,'Vote du jour'!$B$2:$B$223,0))) -> Faut-il indexer les salaires sur l'inflation ? | C3: =COUNTIFS('Votes (table)'!$C$2:$C$1000,A3,'Votes (table)'!$E$2:$E$1000,"oui") -> 0 | D3: =COUNTIFS('Votes (table)'!$C$2:$C$1000,A3,'Votes (table)'!$E$2:$E$1000,"non") -> 0 | E3: =COUNTIFS('Votes (table)'!$C$2:$C$1000,A3,'Votes (table)'!$E$2:$E$1000,"blanc") -> 0 | F3: =SUM(C3:E3) -> 0
A4: 46290 | B4: =T(INDEX('Vote du jour'!$F$2:$F$223,MATCH(A4,'Vote du jour'!$B$2:$B$223,0))) -> La France doit-elle interdire la vente de voitures thermiques neuves dès 2030 ? | C4: =COUNTIFS('Votes (table)'!$C$2:$C$1000,A4,'Votes (table)'!$E$2:$E$1000,"oui") -> 0 | D4: =COUNTIFS('Votes (table)'!$C$2:$C$1000,A4,'Votes (table)'!$E$2:$E$1000,"non") -> 0 | E4: =COUNTIFS('Votes (table)'!$C$2:$C$1000,A4,'Votes (table)'!$E$2:$E$1000,"blanc") -> 0 | F4: =SUM(C4:E4) -> 0
A5: 46291 | B5: =T(INDEX('Vote du jour'!$F$2:$F$223,MATCH(A5,'Vote du jour'!$B$2:$B$223,0))) | C5: =COUNTIFS('Votes (table)'!$C$2:$C$1000,A5,'Votes (table)'!$E$2:$E$1000,"oui") -> 0 | D5: =COUNTIFS('Votes (table)'!$C$2:$C$1000,A5,'Votes (table)'!$E$2:$E$1000,"non") -> 0 | E5: =COUNTIFS('Votes (table)'!$C$2:$C$1000,A5,'Votes (table)'!$E$2:$E$1000,"blanc") -> 0 | F5: =SUM(C5:E5) -> 0
A6: 46292 | B6: =T(INDEX('Vote du jour'!$F$2:$F$223,MATCH(A6,'Vote du jour'!$B$2:$B$223,0))) | C6: =COUNTIFS('Votes (table)'!$C$2:$C$1000,A6,'Votes (table)'!$E$2:$E$1000,"oui") -> 0 | D6: =COUNTIFS('Votes (table)'!$C$2:$C$1000,A6,'Votes (table)'!$E$2:$E$1000,"non") -> 0 | E6: =COUNTIFS('Votes (table)'!$C$2:$C$1000,A6,'Votes (table)'!$E$2:$E$1000,"blanc") -> 0 | F6: =SUM(C6:E6) -> 0
A7: 46293 | B7: =T(INDEX('Vote du jour'!$F$2:$F$223,MATCH(A7,'Vote du jour'!$B$2:$B$223,0))) | C7: =COUNTIFS('Votes (table)'!$C$2:$C$1000,A7,'Votes (table)'!$E$2:$E$1000,"oui") -> 0 | D7: =COUNTIFS('Votes (table)'!$C$2:$C$1000,A7,'Votes (table)'!$E$2:$E$1000,"non") -> 0 | E7: =COUNTIFS('Votes (table)'!$C$2:$C$1000,A7,'Votes (table)'!$E$2:$E$1000,"blanc") -> 0 | F7: =SUM(C7:E7) -> 0
A8: 46294 | B8: =T(INDEX('Vote du jour'!$F$2:$F$223,MATCH(A8,'Vote du jour'!$B$2:$B$223,0))) | C8: =COUNTIFS('Votes (table)'!$C$2:$C$1000,A8,'Votes (table)'!$E$2:$E$1000,"oui") -> 0 | D8: =COUNTIFS('Votes (table)'!$C$2:$C$1000,A8,'Votes (table)'!$E$2:$E$1000,"non") -> 0 | E8: =COUNTIFS('Votes (table)'!$C$2:$C$1000,A8,'Votes (table)'!$E$2:$E$1000,"blanc") -> 0 | F8: =SUM(C8:E8) -> 0
A9: 46295 | B9: =T(INDEX('Vote du jour'!$F$2:$F$223,MATCH(A9,'Vote du jour'!$B$2:$B$223,0))) | C9: =COUNTIFS('Votes (table)'!$C$2:$C$1000,A9,'Votes (table)'!$E$2:$E$1000,"oui") -> 0 | D9: =COUNTIFS('Votes (table)'!$C$2:$C$1000,A9,'Votes (table)'!$E$2:$E$1000,"non") -> 0 | E9: =COUNTIFS('Votes (table)'!$C$2:$C$1000,A9,'Votes (table)'!$E$2:$E$1000,"blanc") -> 0 | F9: =SUM(C9:E9) -> 0
A10: 46296 | B10: =T(INDEX('Vote du jour'!$F$2:$F$223,MATCH(A10,'Vote du jour'!$B$2:$B$223,0))) | C10: =COUNTIFS('Votes (table)'!$C$2:$C$1000,A10,'Votes (table)'!$E$2:$E$1000,"oui") -> 0 | D10: =COUNTIFS('Votes (table)'!$C$2:$C$1000,A10,'Votes (table)'!$E$2:$E$1000,"non") -> 0 | E10: =COUNTIFS('Votes (table)'!$C$2:$C$1000,A10,'Votes (table)'!$E$2:$E$1000,"blanc") -> 0 | F10: =SUM(C10:E10) -> 0
A11: 46297 | B11: =T(INDEX('Vote du jour'!$F$2:$F$223,MATCH(A11,'Vote du jour'!$B$2:$B$223,0))) | C11: =COUNTIFS('Votes (table)'!$C$2:$C$1000,A11,'Votes (table)'!$E$2:$E$1000,"oui") -> 0 | D11: =COUNTIFS('Votes (table)'!$C$2:$C$1000,A11,'Votes (table)'!$E$2:$E$1000,"non") -> 0 | E11: =COUNTIFS('Votes (table)'!$C$2:$C$1000,A11,'Votes (table)'!$E$2:$E$1000,"blanc") -> 0 | F11: =SUM(C11:E11) -> 0
A12: 46298 | B12: =T(INDEX('Vote du jour'!$F$2:$F$223,MATCH(A12,'Vote du jour'!$B$2:$B$223,0))) | C12: =COUNTIFS('Votes (table)'!$C$2:$C$1000,A12,'Votes (table)'!$E$2:$E$1000,"oui") -> 0 | D12: =COUNTIFS('Votes (table)'!$C$2:$C$1000,A12,'Votes (table)'!$E$2:$E$1000,"non") -> 0 | E12: =COUNTIFS('Votes (table)'!$C$2:$C$1000,A12,'Votes (table)'!$E$2:$E$1000,"blanc") -> 0 | F12: =SUM(C12:E12) -> 0
A13: 46299 | B13: =T(INDEX('Vote du jour'!$F$2:$F$223,MATCH(A13,'Vote du jour'!$B$2:$B$223,0))) | C13: =COUNTIFS('Votes (table)'!$C$2:$C$1000,A13,'Votes (table)'!$E$2:$E$1000,"oui") -> 0 | D13: =COUNTIFS('Votes (table)'!$C$2:$C$1000,A13,'Votes (table)'!$E$2:$E$1000,"non") -> 0 | E13: =COUNTIFS('Votes (table)'!$C$2:$C$1000,A13,'Votes (table)'!$E$2:$E$1000,"blanc") -> 0 | F13: =SUM(C13:E13) -> 0
... A223: 46509 | B223: =T(INDEX('Vote du jour'!$F$2:$F$223,MATCH(A223,'Vote du jour'!$B$2:$B$223,0))) | C223: =COUNTIFS('Votes (table)'!$C$2:$C$1000,A223,'Votes (table)'!$E$2:$E$1000,"oui") -> 0 | D223: =COUNTIFS('Votes (table)'!$C$2:$C$1000,A223,'Votes (table)'!$E$2:$E$1000,"non") -> 0 | E223: =COUNTIFS('Votes (table)'!$C$2:$C$1000,A223,'Votes (table)'!$E$2:$E$1000,"blanc") -> 0 | F223: =SUM(C223:E223) -> 0
